24-Aug-2015,EggBBFProGreek,,24-Aug-2015
,PanCkBFProGreek,,24-Aug-2015
,VSandBFProGreek,,24-Aug-2015
25-Aug-2015,AlooPLassCrud,,25-Aug-2015
,CheOmOatCrud,,25-Aug-2015
,OatCrud,,25-Aug-2015
26-Aug-2015,KathiWatermeCole,,26-Aug-2015
,ScramWatermeCole,,26-Aug-2015
,WatermeCole,,26-Aug-2015
27-Aug-2015,BananamelChef,,27-Aug-2015
,EggBBanamelChef,,27-Aug-2015
,IdliCarrotChef,,27-Aug-2015
28-Aug-2015,LimeSprout,,28-Aug-2015
,PastaLimeSprout,,28-Aug-2015
,RockLimeSprout,,28-Aug-2015
29-Aug-2015,PohaFruitSalad,,29-Aug-2015
30-Aug-2015,UttapamMango,,30-Aug-2015
31-Aug-2015,PanckOatmealGriTom,,31-Aug-2015
,UttapBeetGriTom,,31-Aug-2015
1-Sep-2015,VchOmleBFProGreek,,1-Sep-2015
,VsandCarrotGreek,,1-Sep-2015
2-Sep-2015,AlooPButterChef,,2-Sep-2015
,EggBBBanamelChef,,2-Sep-2015
3-Sep-2015,PancBforestChef,,3-Sep-2015
,PastaWaterMCrud,,3-Sep-2015
,StrogaWaterMCrud,,3-Sep-2015
4-Sep-2015,FrncTstColeLime,,4-Sep-2015
,ParatSabLassiColes,,4-Sep-2015
5-Sep-2015,ChSandChikooPotato,,5-Sep-2015
,IdliChikooPotato,,5-Sep-2015
6-Sep-2015,ChiStrogBforestChef,,6-Sep-2015
,FrenchTBforestChef,,6-Sep-2015
,PastaCarrotChef,,6-Sep-2015
7-Sep-2015,EggBBananaMelSprout,,7-Sep-2015
,KathiButterMSprout,,7-Sep-2015
,SproutButter,,7-Sep-2015
8-Sep-2015,ScramOatmealGrilledTom,,8-Sep-2015
,VsandBeetGrilledTom,,8-Sep-2015
9-Sep-2015,ChPattiesWaterMCrud,,9-Sep-2015
,IdliChikooCrud,,9-Sep-2015
10-Sep-2015,CheOmBFprotGreek,,10-Sep-2015
,ParatSabLassiGreek,,10-Sep-2015
11-Sep-2015,CSandBanMelPotaSal,,11-Sep-2015
,UttapCarrotPotatoSal,,11-Sep-2015
12-Sep-2015,PancGuavColes,,12-Sep-2015
,PastaLemonColes,,12-Sep-2015
13-Sep-2015,AlooPFruitSalad,,13-Sep-2015
14-Sep-2015,EggbdOatmealGreek,,14-Sep-2015
,VsandBeetrootGreek,,14-Sep-2015
15-Sep-2015,KathiButterMGrilledTom,,15-Sep-2015
,SbldBfprtnGrilledTom,,15-Sep-2015
16-Sep-2015,ChckStrogCarrotChefstyle,,16-Sep-2015
,VegIdliBananaChefStyle,,16-Sep-2015
17-Sep-2015,ParathaSabChickooSprouts,,17-Sep-2015
,VegChzOmltChickooSprouts,,17-Sep-2015
18-Sep-2015,FrenchTPotCpscmGuava,,18-Sep-2015
,VPancakePotatCpscmGuava,,18-Sep-2015
19-Sep-2015,ChSandWaterMgazVegCrud,,19-Sep-2015
,UttapaVegCrudWaterGaz,,19-Sep-2015
,WatermelonGazpacho,,19-Sep-2015
20-Sep-2015,PennePinkFruit Salad,,20-Sep-2015
21-Sep-2015,EggBBFProGreek,,21-Sep-2015
,GrnPeasKbbBfProteinGreek,,21-Sep-2015
22-Sep-2015,VchOmleOatMealSprouts,,22-Sep-2015
,VidliOatmealSprouts,,22-Sep-2015
23-Sep-2015,Chef'sStyleSaladGuavaShake,,23-Sep-2015
,ChkPattiesGuavaChef'sStyle,,23-Sep-2015
,KathiRollGuavaChef'sStyle,,23-Sep-2015
24-Sep-2015,FruitChaatSalad,,24-Sep-2015
,PancakeVegCrudBanaMel,,24-Sep-2015
,VpancakeVegCrudBananMel,,24-Sep-2015
25-Sep-2015,Sheer Khurma Kickerr,,25-Sep-2015
26-Sep-2015,ScramBfproteinGreek,,26-Sep-2015
,VSandBFProGreek,,26-Sep-2015